{
  "schema_version": 1,
  "timestamp": "2026-07-22T18:40:51.645482+00:00",
  "git_commit": "db68e84f9d8ec28c58f8a67fa985a1a42adfae27",
  "host": {
    "platform": "Linux-kernel-version-omitted-x86_64-with-glibc2.36",
    "python": "3.11.2",
    "cpu_count": null
  },
  "candidates": {
    "rust-cargo-script": {
      "help": {
        "runs": 30,
        "mean_ms": 84.68979983333334,
        "median_ms": 84.3001075,
        "p95_ms": 91.81094095,
        "min_ms": 79.606521,
        "max_ms": 92.246851,
        "stddev_ms": 3.2319620028434968,
        "invocations_per_second": 11.807797420326487,
        "max_rss_kb": 30652,
        "samples_ms": [
          81.973447,
          82.859265,
          84.213102,
          85.498644,
          85.291251,
          83.407744,
          84.697523,
          84.615119,
          79.606521,
          79.748925,
          80.156081,
          84.376047,
          91.001308,
          92.246851,
          83.36547,
          83.249946,
          82.443838,
          84.224168,
          83.541977,
          84.427485,
          91.713234,
          84.64874,
          91.890883,
          83.645563,
          82.831733,
          83.707938,
          85.804256,
          84.68237,
          86.411613,
          84.412953
        ]
      },
      "pure_small": {
        "runs": 30,
        "mean_ms": 85.38180056666667,
        "median_ms": 84.2805335,
        "p95_ms": 95.56819059999998,
        "min_ms": 80.169271,
        "max_ms": 100.841709,
        "stddev_ms": 4.763249418553775,
        "invocations_per_second": 11.712097816667539,
        "max_rss_kb": 33180,
        "samples_ms": [
          80.282872,
          84.591734,
          86.326134,
          81.506621,
          90.107498,
          88.648063,
          83.760437,
          82.946438,
          85.881242,
          100.841709,
          85.532895,
          89.797109,
          85.743183,
          85.352482,
          83.72929,
          82.573032,
          86.229358,
          86.020843,
          84.189456,
          81.956452,
          84.371611,
          83.562649,
          84.864876,
          82.296285,
          80.169271,
          100.03603,
          82.493453,
          81.834137,
          83.548196,
          82.260661
        ]
      },
      "pure_large": {
        "runs": 30,
        "mean_ms": 148.1616037,
        "median_ms": 146.159045,
        "p95_ms": 162.65923914999996,
        "min_ms": 142.588319,
        "max_ms": 171.366135,
        "stddev_ms": 6.710690719001797,
        "invocations_per_second": 6.749386987095631,
        "max_rss_kb": 33164,
        "samples_ms": [
          145.555192,
          143.518546,
          145.295371,
          144.344022,
          146.865734,
          145.291685,
          143.241146,
          146.421983,
          148.429406,
          150.656792,
          149.850843,
          145.450975,
          169.533346,
          154.257553,
          171.366135,
          148.327852,
          151.417351,
          149.635228,
          146.030601,
          149.5701,
          142.588319,
          145.795165,
          143.943849,
          142.786649,
          146.287489,
          143.14388,
          142.700469,
          148.671012,
          148.413722,
          145.457696
        ]
      },
      "git": {
        "runs": 30,
        "mean_ms": 428.62743123333337,
        "median_ms": 427.004809,
        "p95_ms": 443.97781484999996,
        "min_ms": 400.558835,
        "max_ms": 479.347315,
        "stddev_ms": 14.149985238127801,
        "invocations_per_second": 2.3330284697892485,
        "max_rss_kb": 33084,
        "samples_ms": [
          428.900556,
          417.420919,
          419.172585,
          438.086004,
          422.799561,
          441.866596,
          429.609993,
          443.716693,
          432.635364,
          438.043658,
          425.900196,
          429.109956,
          433.64471,
          424.585027,
          428.784364,
          425.818512,
          425.201319,
          423.805399,
          427.791493,
          420.951736,
          426.218125,
          417.800484,
          419.999527,
          415.686919,
          402.516152,
          400.558835,
          444.19146,
          439.176451,
          435.483028,
          479.347315
        ]
      }
    }
  }
}
