{
  "schema_version": 1,
  "timestamp": "2026-07-22T18:39:48.315214+00:00",
  "git_commit": "db68e84f9d8ec28c58f8a67fa985a1a42adfae27",
  "host": {
    "platform": "Linux-kernel-version-omitted-x86_64-with-glibc2.36",
    "python": "3.11.2",
    "cpu_count": null
  },
  "candidates": {
    "ocaml": {
      "help": {
        "runs": 30,
        "mean_ms": 39.39273266666667,
        "median_ms": 39.2330185,
        "p95_ms": 41.5731272,
        "min_ms": 37.400419,
        "max_ms": 42.164719,
        "stddev_ms": 1.2990645867304924,
        "invocations_per_second": 25.38539299778458,
        "max_rss_kb": 22896,
        "samples_ms": [
          41.857574,
          39.228461,
          38.155269,
          40.47817,
          40.201122,
          38.44706,
          38.367661,
          37.400419,
          37.729737,
          39.560864,
          39.140578,
          37.81123,
          37.590476,
          41.22547,
          38.637068,
          41.095063,
          39.221971,
          38.965734,
          39.239929,
          40.455015,
          42.164719,
          40.320151,
          40.723221,
          40.513543,
          38.110432,
          39.700354,
          37.935638,
          38.368511,
          39.237576,
          39.898964
        ]
      },
      "pure_small": {
        "runs": 30,
        "mean_ms": 39.913422133333334,
        "median_ms": 39.9809985,
        "p95_ms": 42.18165185,
        "min_ms": 36.657385,
        "max_ms": 43.333504,
        "stddev_ms": 1.3143621380230541,
        "invocations_per_second": 25.05422854145245,
        "max_rss_kb": 23028,
        "samples_ms": [
          41.664993,
          40.333171,
          38.594223,
          38.32748,
          40.422406,
          39.77015,
          42.146151,
          43.333504,
          40.125928,
          39.359039,
          40.526143,
          40.162282,
          39.501234,
          39.79015,
          42.210698,
          38.695756,
          40.419231,
          39.592502,
          39.964934,
          40.174271,
          40.489998,
          36.657385,
          38.059425,
          40.399612,
          39.052115,
          39.489445,
          38.892413,
          39.997063,
          40.228853,
          39.022109
        ]
      },
      "pure_large": {
        "runs": 30,
        "mean_ms": 98.17125616666667,
        "median_ms": 96.47651400000001,
        "p95_ms": 110.69539309999999,
        "min_ms": 93.466095,
        "max_ms": 113.246056,
        "stddev_ms": 4.8838723558950425,
        "invocations_per_second": 10.186280985365885,
        "max_rss_kb": 22864,
        "samples_ms": [
          93.466095,
          97.651839,
          95.763296,
          95.728143,
          95.174567,
          95.552517,
          93.615961,
          96.272165,
          95.317803,
          95.540439,
          108.409416,
          99.154421,
          97.076451,
          96.132554,
          101.35744,
          96.680863,
          95.666529,
          97.820125,
          97.134768,
          95.546268,
          95.476913,
          95.198573,
          113.246056,
          98.8964,
          98.364827,
          97.780765,
          112.565738,
          100.643971,
          95.52828,
          98.374502
        ]
      },
      "git": {
        "runs": 30,
        "mean_ms": 418.36248243333335,
        "median_ms": 417.349758,
        "p95_ms": 445.03306139999995,
        "min_ms": 395.484926,
        "max_ms": 455.930395,
        "stddev_ms": 15.802836352531985,
        "invocations_per_second": 2.390271694975305,
        "max_rss_kb": 22888,
        "samples_ms": [
          427.008579,
          418.007397,
          410.589366,
          442.094858,
          426.525278,
          421.45073,
          416.692119,
          420.961851,
          429.33827,
          404.911206,
          455.930395,
          396.48312,
          414.5233,
          410.964377,
          406.401018,
          403.246329,
          395.833702,
          408.547904,
          398.10791,
          419.273118,
          432.80155,
          414.40005,
          439.395729,
          428.410321,
          415.651744,
          395.484926,
          395.836115,
          426.918767,
          447.437046,
          427.647398
        ]
      }
    }
  }
}
