{
  "schema_version": 1,
  "timestamp": "2026-07-22T18:59:46.739765+00:00",
  "git_commit": "db68e84f9d8ec28c58f8a67fa985a1a42adfae27",
  "host": {
    "platform": "Linux-kernel-version-omitted-x86_64-with-glibc2.41",
    "python": "3.13.5",
    "cpu_count": null
  },
  "candidates": {
    "typescript-deno": {
      "help": {
        "runs": 30,
        "mean_ms": 21.973760533333333,
        "median_ms": 21.574922,
        "p95_ms": 24.625868949999997,
        "min_ms": 19.929225,
        "max_ms": 27.293757,
        "stddev_ms": 1.5927080959147741,
        "invocations_per_second": 45.50882396679618,
        "max_rss_kb": 40856,
        "samples_ms": [
          22.861276,
          22.337365,
          21.391115,
          22.049009,
          20.381719,
          21.24917,
          21.51375,
          22.048658,
          27.293757,
          23.499541,
          23.276004,
          20.107775,
          21.499278,
          20.747301,
          20.881334,
          22.210193,
          20.695393,
          19.929225,
          20.537684,
          20.228607,
          20.634221,
          21.451677,
          21.499137,
          22.249742,
          22.408052,
          21.636094,
          22.349623,
          23.530539,
          25.522048,
          23.193529
        ]
      },
      "pure_small": {
        "runs": 30,
        "mean_ms": 25.510012966666668,
        "median_ms": 25.766292999999997,
        "p95_ms": 26.6727022,
        "min_ms": 23.53144,
        "max_ms": 28.0108,
        "stddev_ms": 1.0232800508879645,
        "invocations_per_second": 39.20029367710147,
        "max_rss_kb": 43440,
        "samples_ms": [
          25.37704,
          26.258212,
          26.439255,
          26.195587,
          25.317269,
          28.0108,
          26.547729,
          25.741691,
          25.974643,
          24.339812,
          25.369459,
          26.099872,
          24.836683,
          24.053449,
          24.082343,
          26.208867,
          24.422206,
          25.252451,
          23.891484,
          25.816233,
          25.683502,
          26.070228,
          26.367536,
          24.198939,
          24.527366,
          23.53144,
          25.897767,
          25.790895,
          26.774953,
          26.222678
        ]
      },
      "pure_large": {
        "runs": 30,
        "mean_ms": 52.80248106666667,
        "median_ms": 52.590875499999996,
        "p95_ms": 57.376280699999995,
        "min_ms": 48.997074,
        "max_ms": 60.080657,
        "stddev_ms": 2.563695651477751,
        "invocations_per_second": 18.93850402100297,
        "max_rss_kb": 56052,
        "samples_ms": [
          49.337137,
          53.038542,
          52.042658,
          52.965072,
          49.866938,
          54.282402,
          48.997074,
          54.23487,
          58.306455,
          52.254567,
          50.776273,
          53.557987,
          51.473506,
          53.611218,
          53.478698,
          51.085289,
          51.066411,
          49.793988,
          55.362295,
          56.239401,
          50.937255,
          60.080657,
          51.042696,
          55.455185,
          53.907756,
          49.802651,
          52.883738,
          51.957928,
          53.937772,
          52.298013
        ]
      },
      "git": {
        "runs": 30,
        "mean_ms": 366.0707786333333,
        "median_ms": 363.798466,
        "p95_ms": 389.52166514999993,
        "min_ms": 342.457634,
        "max_ms": 434.131806,
        "stddev_ms": 17.10667765937918,
        "invocations_per_second": 2.7317121670659974,
        "max_rss_kb": 53544,
        "samples_ms": [
          371.812095,
          365.486754,
          364.243534,
          375.998093,
          356.303552,
          346.673105,
          342.457634,
          361.459146,
          355.278392,
          364.277405,
          373.506646,
          357.120628,
          352.289385,
          352.786426,
          348.163018,
          361.789975,
          355.861203,
          360.889024,
          369.259897,
          373.44938,
          362.211572,
          364.668006,
          370.118544,
          355.175617,
          397.131828,
          380.220355,
          379.779859,
          434.131806,
          363.353398,
          366.227082
        ]
      }
    }
  }
}
