{
  "schema_version": 1,
  "timestamp": "2026-07-22T18:41:17.593998+00:00",
  "git_commit": "db68e84f9d8ec28c58f8a67fa985a1a42adfae27",
  "candidates": {
    "scala": {
      "help": {
        "runs": 30,
        "mean_ms": 7025.778429833333,
        "median_ms": 7030.4480055,
        "p95_ms": 7341.7645542,
        "min_ms": 6581.618616,
        "max_ms": 7517.605709,
        "stddev_ms": 204.92789752931208,
        "invocations_per_second": 0.14233298274163228,
        "max_rss_kb": 466440,
        "samples_ms": [
          6969.126879,
          6581.618616,
          7301.920913,
          6734.175866,
          7181.722534,
          6956.799314,
          6850.773909,
          7010.961133,
          6880.271675,
          6811.491515,
          7154.490544,
          7159.371961,
          7374.363897,
          6857.535955,
          7133.76975,
          7132.190323,
          7049.934878,
          7003.31091,
          6692.054055,
          6930.684706,
          6991.057963,
          7200.868449,
          7072.841172,
          7158.427886,
          7105.092748,
          7212.348409,
          6880.926301,
          6815.921272,
          7051.693653,
          7517.605709
        ]
      },
      "pure_small": {
        "runs": 30,
        "mean_ms": 7116.429545233334,
        "median_ms": 7128.081646500001,
        "p95_ms": 7363.85098655,
        "min_ms": 6777.593411,
        "max_ms": 7380.469911,
        "stddev_ms": 140.92441831536885,
        "invocations_per_second": 0.14051990448915658,
        "max_rss_kb": 474596,
        "samples_ms": [
          7070.665733,
          7026.211678,
          7377.2138,
          7155.956575,
          7165.41343,
          7154.949233,
          7066.188696,
          6946.187874,
          6998.95042,
          7056.244305,
          7028.597695,
          6777.593411,
          7156.970723,
          6839.450372,
          7098.285836,
          7123.393036,
          7143.62757,
          7196.128571,
          7023.854124,
          7054.073928,
          7111.520509,
          7347.518659,
          7197.383297,
          7132.770257,
          6944.376847,
          7289.940065,
          7247.045251,
          7380.469911,
          7142.680088,
          7239.224463
        ]
      },
      "pure_large": {
        "runs": 30,
        "mean_ms": 7357.8363475666665,
        "median_ms": 7343.61215,
        "p95_ms": 7568.09081645,
        "min_ms": 7059.98704,
        "max_ms": 7724.545081,
        "stddev_ms": 146.17527561946807,
        "invocations_per_second": 0.1359095191524222,
        "max_rss_kb": 486488,
        "samples_ms": [
          7432.423952,
          7724.545081,
          7293.603096,
          7480.916855,
          7554.264259,
          7568.736386,
          7352.757456,
          7567.301787,
          7241.886612,
          7482.944113,
          7300.32434,
          7333.169392,
          7428.811147,
          7308.767593,
          7348.931651,
          7179.34026,
          7172.053641,
          7429.075869,
          7282.67337,
          7245.092147,
          7059.98704,
          7313.808107,
          7392.033562,
          7212.555572,
          7256.905867,
          7125.818097,
          7369.954015,
          7448.992431,
          7489.12408,
          7338.292649
        ]
      },
      "git": {
        "runs": 30,
        "mean_ms": 7403.980083133333,
        "median_ms": 7372.804732,
        "p95_ms": 7648.94737815,
        "min_ms": 7084.838438,
        "max_ms": 7946.126699,
        "stddev_ms": 185.2878801887575,
        "invocations_per_second": 0.13506249189919542,
        "max_rss_kb": 496944,
        "samples_ms": [
          7142.971207,
          7340.251138,
          7209.769921,
          7366.487098,
          7572.052322,
          7582.914302,
          7679.573799,
          7536.655891,
          7946.126699,
          7304.053346,
          7306.346779,
          7472.595088,
          7313.839455,
          7123.156738,
          7533.74745,
          7533.831588,
          7415.015399,
          7419.386026,
          7564.754041,
          7379.122366,
          7611.515086,
          7322.075991,
          7299.653536,
          7493.696523,
          7230.924151,
          7084.838438,
          7455.754648,
          7349.188455,
          7363.922755,
          7165.182258
        ]
      }
    }
  }
}
