{
  "schema_version": 1,
  "timestamp": "2026-07-22T18:59:26.045297+00:00",
  "git_commit": "db68e84f9d8ec28c58f8a67fa985a1a42adfae27",
  "host": {
    "platform": "Linux-kernel-version-omitted-x86_64-with-glibc2.41",
    "python": "3.13.5",
    "cpu_count": null
  },
  "candidates": {
    "typescript-bun": {
      "help": {
        "runs": 30,
        "mean_ms": 50.35732906666667,
        "median_ms": 50.1634655,
        "p95_ms": 53.410704550000005,
        "min_ms": 47.641364,
        "max_ms": 55.814769,
        "stddev_ms": 1.8066641371366317,
        "invocations_per_second": 19.858082597592254,
        "max_rss_kb": 45880,
        "samples_ms": [
          50.363088,
          52.772379,
          55.814769,
          49.456858,
          50.248724,
          50.424621,
          50.947681,
          50.051997,
          48.273839,
          50.078207,
          50.920721,
          51.571965,
          48.301982,
          49.040669,
          50.774249,
          51.372203,
          51.187905,
          53.423143,
          53.395502,
          49.269635,
          49.208923,
          49.299621,
          51.241335,
          49.765154,
          49.001751,
          48.731301,
          51.271852,
          48.091384,
          47.641364,
          48.77705
        ]
      },
      "pure_small": {
        "runs": 30,
        "mean_ms": 56.776927666666666,
        "median_ms": 56.6073965,
        "p95_ms": 60.52121685,
        "min_ms": 54.203763,
        "max_ms": 61.949993,
        "stddev_ms": 1.9093840196376264,
        "invocations_per_second": 17.612788171119956,
        "max_rss_kb": 45952,
        "samples_ms": [
          54.203763,
          57.317721,
          58.50869,
          55.30574,
          56.625824,
          54.878613,
          54.829369,
          59.922197,
          56.588969,
          57.120172,
          58.372385,
          57.379904,
          54.400471,
          55.61702,
          55.984876,
          56.356938,
          56.632264,
          54.600924,
          54.325918,
          57.29748,
          55.175092,
          57.91319,
          58.349551,
          61.011324,
          56.308625,
          55.225648,
          57.387065,
          56.405221,
          61.949993,
          57.312883
        ]
      },
      "pure_large": {
        "runs": 30,
        "mean_ms": 85.27682523333333,
        "median_ms": 84.80654200000001,
        "p95_ms": 88.08605765,
        "min_ms": 82.440465,
        "max_ms": 90.826572,
        "stddev_ms": 1.9086487872735352,
        "invocations_per_second": 11.72651534885138,
        "max_rss_kb": 73760,
        "samples_ms": [
          90.826572,
          88.232741,
          85.790139,
          87.906778,
          86.452129,
          85.717018,
          85.946866,
          83.251471,
          84.32934,
          83.300616,
          83.744777,
          85.773494,
          87.737393,
          87.120801,
          86.994319,
          83.497563,
          83.688613,
          84.526449,
          83.84573,
          83.537784,
          82.440465,
          83.920423,
          82.511083,
          85.801406,
          84.740673,
          84.872411,
          86.6978,
          85.934827,
          84.568161,
          84.596915
        ]
      },
      "git": {
        "runs": 30,
        "mean_ms": 396.3597025333333,
        "median_ms": 395.90905399999997,
        "p95_ms": 423.7196563499999,
        "min_ms": 372.333803,
        "max_ms": 427.555726,
        "stddev_ms": 14.774659648016677,
        "invocations_per_second": 2.5229608197011437,
        "max_rss_kb": 71160,
        "samples_ms": [
          408.470367,
          387.402611,
          394.883248,
          427.065234,
          398.484783,
          396.93486,
          406.599238,
          419.630617,
          400.186364,
          374.304463,
          390.680616,
          388.591578,
          382.695447,
          404.661039,
          407.608844,
          427.555726,
          419.05073,
          402.92204,
          386.18443,
          380.756725,
          397.615389,
          398.27086,
          405.874943,
          393.993924,
          394.681584,
          380.328879,
          378.80132,
          372.333803,
          381.589554,
          382.63186
        ]
      }
    }
  }
}
