{
  "schema_version": 1,
  "timestamp": "2026-07-22T18:39:16.511502+00:00",
  "git_commit": "db68e84f9d8ec28c58f8a67fa985a1a42adfae27",
  "candidates": {
    "go": {
      "help": {
        "runs": 30,
        "mean_ms": 37.015457866666665,
        "median_ms": 37.1771915,
        "p95_ms": 41.674206600000005,
        "min_ms": 30.957452,
        "max_ms": 42.251029,
        "stddev_ms": 2.8219995386813785,
        "invocations_per_second": 27.015740386140806,
        "max_rss_kb": 15256,
        "samples_ms": [
          33.82757,
          37.173877,
          37.492659,
          35.110087,
          34.9527,
          32.608988,
          33.557962,
          42.005358,
          34.96549,
          39.01564,
          41.269466,
          39.270014,
          38.669597,
          37.937241,
          42.251029,
          38.193407,
          32.490179,
          37.180506,
          37.470655,
          39.330776,
          35.738998,
          34.945859,
          30.957452,
          36.087054,
          40.911215,
          37.164562,
          37.7387,
          36.764447,
          39.474754,
          35.907494
        ]
      },
      "pure_small": {
        "runs": 30,
        "mean_ms": 36.37904386666666,
        "median_ms": 36.2955795,
        "p95_ms": 40.19781594999999,
        "min_ms": 32.086028,
        "max_ms": 40.885686,
        "stddev_ms": 1.9442764428169006,
        "invocations_per_second": 27.48835301073645,
        "max_rss_kb": 15316,
        "samples_ms": [
          37.547301,
          39.969231,
          40.38484,
          37.962048,
          37.297554,
          34.831426,
          32.086028,
          35.257731,
          35.329801,
          36.257853,
          36.87153,
          35.024909,
          35.473587,
          33.836523,
          37.032132,
          40.885686,
          36.720551,
          36.197461,
          36.820372,
          34.865989,
          37.12277,
          37.641012,
          36.333306,
          36.210741,
          33.353764,
          35.992692,
          36.631507,
          35.675242,
          33.941061,
          37.816668
        ]
      },
      "pure_large": {
        "runs": 30,
        "mean_ms": 66.76775006666666,
        "median_ms": 66.1319025,
        "p95_ms": 70.18210739999999,
        "min_ms": 63.204563,
        "max_ms": 74.182314,
        "stddev_ms": 2.39676467091891,
        "invocations_per_second": 14.977290668047283,
        "max_rss_kb": 15316,
        "samples_ms": [
          64.9691,
          69.192672,
          74.182314,
          70.055207,
          67.210238,
          65.470558,
          66.109423,
          65.915861,
          66.837824,
          66.82191,
          69.699439,
          67.37114,
          63.740213,
          64.556086,
          67.854801,
          65.977945,
          67.752567,
          63.375812,
          63.204563,
          65.479642,
          63.928087,
          70.285935,
          68.267676,
          66.154382,
          65.766456,
          64.806965,
          69.086312,
          67.692265,
          65.262264,
          66.004845
        ]
      },
      "git": {
        "runs": 30,
        "mean_ms": 352.20308769999997,
        "median_ms": 353.313437,
        "p95_ms": 365.2333774,
        "min_ms": 336.008982,
        "max_ms": 372.399815,
        "stddev_ms": 8.43261421239578,
        "invocations_per_second": 2.8392709630410207,
        "max_rss_kb": 15252,
        "samples_ms": [
          354.422398,
          352.204476,
          358.867515,
          345.559615,
          340.892542,
          340.644457,
          351.348993,
          354.456259,
          368.180809,
          358.060125,
          356.836526,
          349.223942,
          355.479245,
          350.307269,
          344.634807,
          346.095874,
          355.190649,
          343.605712,
          341.2089,
          336.008982,
          344.044234,
          344.500555,
          360.358098,
          354.4836,
          356.381939,
          372.399815,
          351.071264,
          359.740404,
          358.252666,
          361.630961
        ]
      }
    }
  }
}
