{
  "schema_version": 1,
  "timestamp": "2026-07-22T18:38:53.926381+00:00",
  "git_commit": "db68e84f9d8ec28c58f8a67fa985a1a42adfae27",
  "host": {
    "platform": "Linux-kernel-version-omitted-x86_64-with-glibc2.39",
    "python": "3.12.3",
    "cpu_count": null
  },
  "candidates": {
    "d": {
      "help": {
        "runs": 30,
        "mean_ms": 26.4424382,
        "median_ms": 26.523045,
        "p95_ms": 30.068787200000003,
        "min_ms": 22.35068,
        "max_ms": 32.048613,
        "stddev_ms": 2.120153249863897,
        "invocations_per_second": 37.817995165060076,
        "max_rss_kb": 2556,
        "samples_ms": [
          24.873242,
          26.711459,
          23.094824,
          27.083842,
          27.463505,
          26.617899,
          26.249912,
          25.498507,
          26.608995,
          23.548681,
          25.096499,
          23.163038,
          25.852652,
          27.814506,
          26.437095,
          27.894376,
          27.693294,
          27.490736,
          26.408522,
          29.867177,
          24.263972,
          22.35068,
          26.178354,
          27.214199,
          32.048613,
          24.969657,
          27.928749,
          27.3406,
          30.233741,
          25.27582
        ]
      },
      "pure_small": {
        "runs": 30,
        "mean_ms": 26.975229233333334,
        "median_ms": 26.8843655,
        "p95_ms": 29.506164749999996,
        "min_ms": 23.434138,
        "max_ms": 30.865747,
        "stddev_ms": 1.6985115044404204,
        "invocations_per_second": 37.07104734310463,
        "max_rss_kb": 2588,
        "samples_ms": [
          28.070824,
          25.016038,
          24.440097,
          27.73142,
          27.09574,
          25.85791,
          25.259246,
          25.236119,
          27.525129,
          26.074026,
          24.947114,
          25.87784,
          27.669627,
          28.641766,
          26.595504,
          26.45426,
          29.659554,
          25.054105,
          30.865747,
          26.596856,
          28.341132,
          29.04138,
          29.318689,
          27.271565,
          27.632891,
          23.434138,
          26.494612,
          27.91659,
          28.463967,
          26.672991
        ]
      },
      "pure_large": {
        "runs": 30,
        "mean_ms": 174.99816636666668,
        "median_ms": 174.0038875,
        "p95_ms": 187.20520474999998,
        "min_ms": 157.759954,
        "max_ms": 195.533627,
        "stddev_ms": 8.01338537631868,
        "invocations_per_second": 5.714345588654568,
        "max_rss_kb": 15168,
        "samples_ms": [
          180.321115,
          168.032438,
          168.741848,
          169.315933,
          185.252682,
          174.247471,
          176.214172,
          188.290562,
          180.993515,
          185.878657,
          181.55941,
          166.709589,
          167.075502,
          178.817547,
          173.760304,
          178.877468,
          178.725868,
          182.308782,
          168.209226,
          166.624671,
          171.907484,
          174.719514,
          195.533627,
          171.108917,
          157.759954,
          169.902324,
          170.937648,
          180.082167,
          167.784253,
          170.252343
        ]
      },
      "git": {
        "runs": 30,
        "mean_ms": 420.40340426666666,
        "median_ms": 420.598502,
        "p95_ms": 441.24778330000004,
        "min_ms": 391.296532,
        "max_ms": 458.831669,
        "stddev_ms": 14.950192247321912,
        "invocations_per_second": 2.378667703094261,
        "max_rss_kb": 2588,
        "samples_ms": [
          421.340133,
          430.290449,
          458.831669,
          412.290147,
          414.944888,
          418.199967,
          398.453397,
          430.915363,
          424.854254,
          412.600346,
          429.04719,
          423.337221,
          414.56233,
          434.469133,
          404.10029,
          397.668971,
          398.823696,
          407.301999,
          391.296532,
          408.471326,
          423.041684,
          417.129419,
          419.856871,
          438.943034,
          423.355499,
          439.36403,
          431.150218,
          427.535184,
          417.137852,
          442.789036
        ]
      }
    }
  }
}
