{
  "schema_version": 1,
  "timestamp": "2026-07-22T18:39:33.781872+00:00",
  "git_commit": "db68e84f9d8ec28c58f8a67fa985a1a42adfae27",
  "host": {
    "platform": "Linux-kernel-version-omitted-x86_64-with-glibc2.41",
    "python": "3.13.5",
    "cpu_count": null
  },
  "candidates": {
    "nim": {
      "help": {
        "runs": 30,
        "mean_ms": 12.6854031,
        "median_ms": 12.4251815,
        "p95_ms": 13.9614893,
        "min_ms": 11.280827,
        "max_ms": 14.459981,
        "stddev_ms": 0.8668598447900348,
        "invocations_per_second": 78.83076257939332,
        "max_rss_kb": 2568,
        "samples_ms": [
          12.556204,
          12.32798,
          11.978963,
          11.722034,
          11.280827,
          11.550846,
          12.116531,
          11.79889,
          12.570206,
          11.844309,
          12.192435,
          11.556475,
          14.070473,
          13.685131,
          13.781707,
          13.752182,
          13.363565,
          12.471306,
          11.813352,
          12.375142,
          12.367871,
          13.67783,
          14.459981,
          13.828287,
          12.836459,
          12.29498,
          12.379057,
          13.267259,
          13.454873,
          13.186938
        ]
      },
      "pure_small": {
        "runs": 30,
        "mean_ms": 14.632055000000001,
        "median_ms": 14.090348,
        "p95_ms": 18.6601188,
        "min_ms": 12.204103,
        "max_ms": 19.863027,
        "stddev_ms": 1.989026867297501,
        "invocations_per_second": 68.34310013186801,
        "max_rss_kb": 2580,
        "samples_ms": [
          13.911223,
          13.298946,
          13.558249,
          13.131324,
          14.171055,
          14.217816,
          14.402174,
          12.204964,
          12.204103,
          13.292717,
          12.829828,
          13.240128,
          13.072645,
          14.376165,
          14.657881,
          14.205857,
          13.775147,
          15.259891,
          12.93692,
          14.009641,
          15.905055,
          18.703335,
          18.079672,
          18.607299,
          19.863027,
          16.925207,
          16.263196,
          13.727074,
          13.81047,
          14.320641
        ]
      },
      "pure_large": {
        "runs": 30,
        "mean_ms": 45.62459776666666,
        "median_ms": 45.3544245,
        "p95_ms": 47.39147345,
        "min_ms": 42.633997,
        "max_ms": 49.951155,
        "stddev_ms": 1.3688626992949335,
        "invocations_per_second": 21.918001449880183,
        "max_rss_kb": 15168,
        "samples_ms": [
          42.633997,
          44.449461,
          44.26354,
          44.754061,
          44.798488,
          45.773763,
          47.30101,
          45.844559,
          46.178414,
          45.743066,
          44.932221,
          44.98452,
          47.465489,
          46.721985,
          44.991181,
          47.086126,
          45.185072,
          45.445036,
          44.040464,
          45.683486,
          45.263813,
          44.026051,
          44.881975,
          45.987716,
          45.20926,
          47.212167,
          46.977761,
          49.951155,
          45.707042,
          45.245054
        ]
      },
      "git": {
        "runs": 30,
        "mean_ms": 337.1633952,
        "median_ms": 335.643955,
        "p95_ms": 354.25817365,
        "min_ms": 315.782145,
        "max_ms": 362.685675,
        "stddev_ms": 10.80848053167719,
        "invocations_per_second": 2.965921017039278,
        "max_rss_kb": 2588,
        "samples_ms": [
          328.590412,
          328.256356,
          337.360013,
          362.685675,
          355.881964,
          339.352634,
          334.565249,
          333.554583,
          344.45858,
          346.751976,
          352.273541,
          345.752857,
          332.578207,
          332.974696,
          340.878942,
          332.616836,
          342.263643,
          351.675095,
          326.69062,
          339.163278,
          315.782145,
          322.102997,
          335.039797,
          341.260228,
          336.248113,
          330.056106,
          317.107759,
          330.573287,
          331.219203,
          347.187064
        ]
      }
    }
  }
}
