{
  "schema_version": 1,
  "timestamp": "2026-07-22T18:40:31.288248+00:00",
  "git_commit": "db68e84f9d8ec28c58f8a67fa985a1a42adfae27",
  "host": {
    "platform": "Linux-kernel-version-omitted-x86_64-with-glibc2.36",
    "python": "3.11.2",
    "cpu_count": null
  },
  "candidates": {
    "rust": {
      "help": {
        "runs": 30,
        "mean_ms": 5.5430303,
        "median_ms": 5.435934,
        "p95_ms": 6.3344306,
        "min_ms": 4.928338,
        "max_ms": 6.972787,
        "stddev_ms": 0.49999285508027086,
        "invocations_per_second": 180.40673528340628,
        "max_rss_kb": 2548,
        "samples_ms": [
          5.243272,
          5.398667,
          5.897421,
          5.264596,
          5.081168,
          4.987366,
          5.76417,
          6.024323,
          6.125506,
          6.059387,
          5.550187,
          5.37343,
          5.773674,
          5.649948,
          5.636768,
          5.151575,
          6.319068,
          5.387331,
          5.473201,
          4.978914,
          5.110712,
          6.347,
          6.972787,
          5.946506,
          5.518568,
          5.00289,
          4.943169,
          5.232507,
          5.14846,
          4.928338
        ]
      },
      "pure_small": {
        "runs": 30,
        "mean_ms": 5.749289966666667,
        "median_ms": 5.7440795,
        "p95_ms": 6.41611455,
        "min_ms": 4.884791,
        "max_ms": 6.456816,
        "stddev_ms": 0.42978591928231397,
        "invocations_per_second": 173.9345216188116,
        "max_rss_kb": 2560,
        "samples_ms": [
          5.691991,
          4.884791,
          5.24805,
          5.417055,
          5.731611,
          5.49279,
          5.476735,
          5.968249,
          5.997042,
          6.263916,
          5.998304,
          5.908989,
          5.710629,
          5.17491,
          5.382643,
          6.382905,
          5.756548,
          5.417507,
          5.094398,
          5.013536,
          5.857902,
          6.28662,
          6.443286,
          6.456816,
          5.894818,
          5.585511,
          5.717329,
          5.926104,
          6.227721,
          6.069993
        ]
      },
      "pure_large": {
        "runs": 30,
        "mean_ms": 68.9173827,
        "median_ms": 67.993277,
        "p95_ms": 73.6490019,
        "min_ms": 65.893759,
        "max_ms": 74.643572,
        "stddev_ms": 2.3289013694273892,
        "invocations_per_second": 14.510127355721533,
        "max_rss_kb": 5108,
        "samples_ms": [
          67.604245,
          66.948814,
          70.820123,
          72.145727,
          70.47991,
          66.451473,
          67.922165,
          71.702797,
          69.789276,
          68.472837,
          68.662794,
          71.141468,
          67.269779,
          67.639517,
          67.396941,
          67.183107,
          68.064389,
          67.057508,
          65.893759,
          67.768843,
          68.151561,
          66.82053,
          68.748162,
          66.955695,
          67.684845,
          74.643572,
          69.492647,
          73.067609,
          67.416701,
          74.124687
        ]
      },
      "git": {
        "runs": 30,
        "mean_ms": 324.39748003333335,
        "median_ms": 324.8039635,
        "p95_ms": 333.01027975,
        "min_ms": 307.304316,
        "max_ms": 348.772787,
        "stddev_ms": 8.856068703911022,
        "invocations_per_second": 3.0826380029131095,
        "max_rss_kb": 2588,
        "samples_ms": [
          333.020605,
          313.723215,
          332.259035,
          331.452766,
          331.509712,
          332.558127,
          327.793496,
          320.216417,
          327.65018,
          324.112414,
          317.077724,
          332.99766,
          348.772787,
          325.524577,
          324.97678,
          307.304316,
          316.791552,
          309.951296,
          326.687074,
          324.584919,
          318.016292,
          332.450172,
          323.835796,
          322.848664,
          324.631147,
          318.639173,
          310.747789,
          312.716024,
          332.119493,
          326.955199
        ]
      }
    }
  }
}
