{
  "schema_version": 1,
  "timestamp": "2026-07-22T18:57:40.863640+00:00",
  "git_commit": "db68e84f9d8ec28c58f8a67fa985a1a42adfae27",
  "host": {
    "platform": "Linux-kernel-version-omitted-x86_64-with-glibc2.41",
    "python": "3.13.5",
    "cpu_count": null
  },
  "candidates": {
    "typed-racket": {
      "help": {
        "runs": 30,
        "mean_ms": 525.5769706333333,
        "median_ms": 521.601307,
        "p95_ms": 544.24662325,
        "min_ms": 497.358846,
        "max_ms": 549.154342,
        "stddev_ms": 13.426820226815154,
        "invocations_per_second": 1.902670885284367,
        "max_rss_kb": 136204,
        "samples_ms": [
          539.182609,
          542.968542,
          517.60339,
          539.740291,
          549.154342,
          518.812737,
          522.084542,
          516.057692,
          517.749399,
          514.096076,
          521.118072,
          518.921602,
          501.642261,
          507.420245,
          519.966982,
          544.858369,
          515.061737,
          523.891564,
          514.465875,
          524.710282,
          532.948886,
          543.498934,
          538.922436,
          528.91602,
          520.70705,
          497.358846,
          538.288127,
          541.78962,
          518.935973,
          536.436618
        ]
      },
      "pure_small": {
        "runs": 30,
        "mean_ms": 533.3135347,
        "median_ms": 528.938644,
        "p95_ms": 569.01706655,
        "min_ms": 496.612207,
        "max_ms": 600.697428,
        "stddev_ms": 22.14153457501099,
        "invocations_per_second": 1.8750696071542998,
        "max_rss_kb": 136180,
        "samples_ms": [
          529.618492,
          515.615734,
          509.541522,
          509.655765,
          528.258796,
          519.774401,
          507.538466,
          522.365187,
          532.742294,
          524.666086,
          548.357309,
          574.976759,
          520.346846,
          528.185075,
          550.452405,
          550.811948,
          600.697428,
          528.216232,
          544.560689,
          546.890531,
          561.732998,
          531.337019,
          558.570738,
          538.77265,
          530.300152,
          518.896674,
          521.748554,
          543.002334,
          496.612207,
          505.16075
        ]
      },
      "pure_large": {
        "runs": 30,
        "mean_ms": 754.7445590000001,
        "median_ms": 752.0294329999999,
        "p95_ms": 781.8927161,
        "min_ms": 719.639004,
        "max_ms": 818.451495,
        "stddev_ms": 20.021898258806857,
        "invocations_per_second": 1.324951585374728,
        "max_rss_kb": 162996,
        "samples_ms": [
          770.734173,
          749.327022,
          767.696892,
          753.246778,
          730.461415,
          744.99212,
          751.73293,
          752.325936,
          757.42233,
          719.717514,
          743.929744,
          719.639004,
          750.171469,
          732.984699,
          751.044078,
          763.801883,
          756.672837,
          745.406025,
          769.026922,
          731.555117,
          753.190232,
          744.947933,
          784.418027,
          767.644622,
          818.451495,
          750.539286,
          778.806225,
          745.332324,
          758.718329,
          778.399409
        ]
      },
      "git": {
        "runs": 30,
        "mean_ms": 1242.8052251666668,
        "median_ms": 1254.6273775,
        "p95_ms": 1376.68067665,
        "min_ms": 1120.235463,
        "max_ms": 1454.955599,
        "stddev_ms": 88.92281083693663,
        "invocations_per_second": 0.8046313128961095,
        "max_rss_kb": 136152,
        "samples_ms": [
          1454.955599,
          1378.554028,
          1138.377847,
          1258.958512,
          1264.407209,
          1277.151123,
          1295.820794,
          1146.962594,
          1124.289721,
          1165.528089,
          1180.458228,
          1288.49456,
          1278.937433,
          1353.956134,
          1137.952304,
          1173.294368,
          1309.340251,
          1374.391025,
          1273.725064,
          1322.906919,
          1324.484734,
          1287.249748,
          1248.909411,
          1203.565148,
          1193.624221,
          1128.351842,
          1120.235463,
          1250.296243,
          1205.632413,
          1123.34573
        ]
      }
    }
  }
}
