{
  "schema_version": 1,
  "timestamp": "2026-07-22T18:40:09.116412+00:00",
  "git_commit": "db68e84f9d8ec28c58f8a67fa985a1a42adfae27",
  "host": {
    "platform": "Linux-kernel-version-omitted-x86_64-with-glibc2.36",
    "python": "3.13.5",
    "cpu_count": null
  },
  "candidates": {
    "python": {
      "help": {
        "runs": 30,
        "mean_ms": 61.7934359,
        "median_ms": 61.465704,
        "p95_ms": 65.54576145,
        "min_ms": 57.034244,
        "max_ms": 74.36161,
        "stddev_ms": 3.203462794429139,
        "invocations_per_second": 16.18294864875769,
        "max_rss_kb": 12696,
        "samples_ms": [
          64.584639,
          64.752893,
          61.606537,
          61.742502,
          63.582735,
          64.444348,
          74.36161,
          63.146545,
          60.996274,
          61.414166,
          63.09716,
          61.067472,
          61.667098,
          61.433736,
          62.697576,
          61.497672,
          66.194472,
          61.036725,
          59.460482,
          59.115751,
          57.034244,
          58.594553,
          59.204014,
          59.623219,
          58.802948,
          62.802775,
          58.733453,
          58.732311,
          61.761681,
          60.613486
        ]
      },
      "pure_small": {
        "runs": 30,
        "mean_ms": 60.88781766666667,
        "median_ms": 60.867675000000006,
        "p95_ms": 63.1112244,
        "min_ms": 57.316071,
        "max_ms": 67.510262,
        "stddev_ms": 1.8076943404761603,
        "invocations_per_second": 16.42364660652725,
        "max_rss_kb": 12696,
        "samples_ms": [
          59.872225,
          59.662648,
          60.238949,
          57.316071,
          62.253895,
          62.238582,
          60.872998,
          67.510262,
          61.023545,
          60.862352,
          60.190296,
          60.944566,
          62.195337,
          60.736992,
          63.622545,
          59.267772,
          61.149375,
          62.486277,
          61.843586,
          62.125361,
          59.824223,
          59.259779,
          60.874561,
          60.953961,
          59.796721,
          59.913927,
          60.730652,
          61.097848,
          59.076612,
          58.692612
        ]
      },
      "pure_large": {
        "runs": 30,
        "mean_ms": 120.0420582,
        "median_ms": 119.8214165,
        "p95_ms": 124.6106714,
        "min_ms": 114.903432,
        "max_ms": 131.083091,
        "stddev_ms": 3.146323612607955,
        "invocations_per_second": 8.330413648305807,
        "max_rss_kb": 17752,
        "samples_ms": [
          117.492485,
          116.413935,
          117.798558,
          120.008189,
          116.393824,
          120.862259,
          120.745063,
          117.719298,
          114.903432,
          123.03884,
          121.691023,
          120.572072,
          122.15894,
          123.800011,
          122.36388,
          120.643458,
          125.273939,
          118.414299,
          120.052546,
          119.181729,
          118.729687,
          121.006198,
          117.930828,
          118.128356,
          119.634644,
          116.892659,
          119.34756,
          121.096004,
          117.884939,
          131.083091
        ]
      },
      "git": {
        "runs": 30,
        "mean_ms": 396.455634,
        "median_ms": 395.1695535,
        "p95_ms": 417.20302530000004,
        "min_ms": 365.115653,
        "max_ms": 437.428205,
        "stddev_ms": 14.45416823722517,
        "invocations_per_second": 2.522350331891109,
        "max_rss_kb": 12680,
        "samples_ms": [
          365.115653,
          383.117738,
          391.892554,
          419.128389,
          413.022107,
          397.500271,
          402.748856,
          382.206771,
          402.006084,
          385.534442,
          386.28111,
          401.265895,
          379.503504,
          378.932151,
          390.11049,
          393.283436,
          384.413837,
          393.817965,
          386.643488,
          437.428205,
          412.552548,
          398.046087,
          386.54502,
          393.787268,
          396.521142,
          399.444601,
          405.98578,
          403.738972,
          408.244853,
          414.849803
        ]
      }
    }
  }
}
